<?xml version="1.0" encoding="UTF-8"?>
<!DOCTYPE mapper PUBLIC "-//mybatis.org//DTD Mapper 3.0//EN" "http://mybatis.org/dtd/mybatis-3-mapper.dtd">

<mapper namespace="com.dao.JiaoliuxinxiDao">

	<!-- 可根据自己的需求，是否要使用 -->
    <resultMap type="com.entity.JiaoliuxinxiEntity" id="jiaoliuxinxiMap">
        <result property="biaoti" column="biaoti"/>
        <result property="zhanghao" column="zhanghao"/>
        <result property="shangjiaxingming" column="shangjiaxingming"/>
        <result property="zixunneirong" column="zixunneirong"/>
        <result property="riqi" column="riqi"/>
        <result property="yonghuming" column="yonghuming"/>
        <result property="xingming" column="xingming"/>
    </resultMap>

	<select id="selectListVO"
		resultType="com.entity.vo.JiaoliuxinxiVO" >
		SELECT * FROM jiaoliuxinxi  jiaoliuxinxi         
        <where> 1=1 ${ew.sqlSegment}</where>
	</select>
	
	<select id="selectVO"
		resultType="com.entity.vo.JiaoliuxinxiVO" >
		SELECT  jiaoliuxinxi.* FROM jiaoliuxinxi  jiaoliuxinxi
 		<where> 1=1 ${ew.sqlSegment}</where>
	</select>

    <select id="selectListView"
		resultType="com.entity.view.JiaoliuxinxiView" >

		SELECT  jiaoliuxinxi.* FROM jiaoliuxinxi  jiaoliuxinxi 	        
        <where> 1=1 ${ew.sqlSegment}</where>
	</select>
	
	<select id="selectView"
		resultType="com.entity.view.JiaoliuxinxiView" >
		SELECT * FROM jiaoliuxinxi  jiaoliuxinxi <where> 1=1 ${ew.sqlSegment}</where>
	</select>
	
	
</mapper>