<?xml version="1.0" encoding="UTF-8"?>
<!DOCTYPE mapper PUBLIC "-//mybatis.org//DTD Mapper 3.0//EN" "http://mybatis.org/dtd/mybatis-3-mapper.dtd">

<mapper namespace="com.dao.ShangpingoumaiDao">

	<!-- 可根据自己的需求，是否要使用 -->
    <resultMap type="com.entity.ShangpingoumaiEntity" id="shangpingoumaiMap">
        <result property="dingdanbianhao" column="dingdanbianhao"/>
        <result property="shangpinmingcheng" column="shangpinmingcheng"/>
        <result property="shangpinleixing" column="shangpinleixing"/>
        <result property="zhanghao" column="zhanghao"/>
        <result property="jiage" column="jiage"/>
        <result property="shuliang" column="shuliang"/>
        <result property="zongjiage" column="zongjiage"/>
        <result property="goumaiburiqi" column="goumaiburiqi"/>
        <result property="yonghuming" column="yonghuming"/>
        <result property="xingming" column="xingming"/>
        <result property="shouji" column="shouji"/>
        <result property="dizhi" column="dizhi"/>
        <result property="ispay" column="ispay"/>
    </resultMap>

	<select id="selectListVO"
		resultType="com.entity.vo.ShangpingoumaiVO" >
		SELECT * FROM shangpingoumai  shangpingoumai         
        <where> 1=1 ${ew.sqlSegment}</where>
	</select>
	
	<select id="selectVO"
		resultType="com.entity.vo.ShangpingoumaiVO" >
		SELECT  shangpingoumai.* FROM shangpingoumai  shangpingoumai
 		<where> 1=1 ${ew.sqlSegment}</where>
	</select>

    <select id="selectListView"
		resultType="com.entity.view.ShangpingoumaiView" >

		SELECT  shangpingoumai.* FROM shangpingoumai  shangpingoumai 	        
        <where> 1=1 ${ew.sqlSegment}</where>
	</select>
	
	<select id="selectView"
		resultType="com.entity.view.ShangpingoumaiView" >
		SELECT * FROM shangpingoumai  shangpingoumai <where> 1=1 ${ew.sqlSegment}</where>
	</select>
	
	
</mapper>